username,password,receiverId
perf_stu_001,Test@123456,137
perf_stu_002,Test@123456,137
perf_stu_003,Test@123456,137
perf_stu_004,Test@123456,137
perf_stu_005,Test@123456,137
perf_stu_006,Test@123456,137
perf_stu_007,Test@123456,137
perf_stu_008,Test@123456,137
perf_stu_009,Test@123456,137
perf_stu_010,Test@123456,137
perf_stu_011,Test@123456,137
perf_stu_012,Test@123456,137
perf_stu_013,Test@123456,137
perf_stu_014,Test@123456,137
perf_stu_015,Test@123456,137
perf_stu_016,Test@123456,137
perf_stu_017,Test@123456,137
perf_stu_018,Test@123456,137
perf_stu_019,Test@123456,137
perf_stu_020,Test@123456,137
perf_stu_021,Test@123456,137
perf_stu_022,Test@123456,137
perf_stu_023,Test@123456,137
perf_stu_024,Test@123456,137
perf_stu_025,Test@123456,137
perf_stu_026,Test@123456,137
perf_stu_027,Test@123456,137
perf_stu_028,Test@123456,137
perf_stu_029,Test@123456,137
perf_stu_030,Test@123456,137
