username,password,examId
perf_stu_002,Test@123456,39
perf_stu_005,Test@123456,39
perf_stu_007,Test@123456,39
perf_stu_018,Test@123456,39
perf_stu_031,Test@123456,39
perf_stu_035,Test@123456,39
perf_stu_039,Test@123456,39
perf_stu_042,Test@123456,39
perf_stu_046,Test@123456,39
perf_stu_051,Test@123456,39
perf_stu_061,Test@123456,39
perf_stu_085,Test@123456,39
perf_stu_093,Test@123456,39
perf_stu_094,Test@123456,39
perf_stu_098,Test@123456,39
perf_stu_104,Test@123456,39
perf_stu_110,Test@123456,39
perf_stu_118,Test@123456,39
perf_stu_126,Test@123456,39
perf_stu_130,Test@123456,39
perf_stu_154,Test@123456,39
perf_stu_158,Test@123456,39
perf_stu_162,Test@123456,39
perf_stu_164,Test@123456,39
perf_stu_168,Test@123456,39
perf_stu_170,Test@123456,39
perf_stu_172,Test@123456,39
perf_stu_179,Test@123456,39
perf_stu_180,Test@123456,39
perf_stu_202,Test@123456,39
perf_stu_204,Test@123456,39
perf_stu_207,Test@123456,39
perf_stu_209,Test@123456,39
perf_stu_221,Test@123456,39
perf_stu_226,Test@123456,39
perf_stu_230,Test@123456,39
perf_stu_245,Test@123456,39
perf_stu_259,Test@123456,39
perf_stu_265,Test@123456,39
perf_stu_275,Test@123456,39
perf_stu_276,Test@123456,39
perf_stu_282,Test@123456,39
perf_stu_297,Test@123456,39
