username,password
perf_stu_001,Test@123456
perf_stu_002,Test@123456
perf_stu_003,Test@123456
perf_stu_004,Test@123456
perf_stu_005,Test@123456
perf_stu_006,Test@123456
perf_stu_007,Test@123456
perf_stu_008,Test@123456
perf_stu_009,Test@123456
perf_stu_010,Test@123456
perf_stu_011,Test@123456
perf_stu_012,Test@123456
perf_stu_013,Test@123456
perf_stu_014,Test@123456
perf_stu_015,Test@123456
perf_stu_016,Test@123456
perf_stu_017,Test@123456
perf_stu_018,Test@123456
perf_stu_019,Test@123456
perf_stu_020,Test@123456
perf_stu_021,Test@123456
perf_stu_022,Test@123456
perf_stu_023,Test@123456
perf_stu_024,Test@123456
perf_stu_025,Test@123456
perf_stu_026,Test@123456
perf_stu_027,Test@123456
perf_stu_028,Test@123456
perf_stu_029,Test@123456
perf_stu_030,Test@123456
perf_stu_031,Test@123456
perf_stu_032,Test@123456
perf_stu_033,Test@123456
perf_stu_034,Test@123456
perf_stu_035,Test@123456
perf_stu_036,Test@123456
perf_stu_037,Test@123456
perf_stu_038,Test@123456
perf_stu_039,Test@123456
perf_stu_040,Test@123456
perf_stu_041,Test@123456
perf_stu_042,Test@123456
perf_stu_043,Test@123456
perf_stu_044,Test@123456
perf_stu_045,Test@123456
perf_stu_046,Test@123456
perf_stu_047,Test@123456
perf_stu_048,Test@123456
perf_stu_049,Test@123456
perf_stu_050,Test@123456
perf_stu_051,Test@123456
perf_stu_052,Test@123456
perf_stu_053,Test@123456
perf_stu_054,Test@123456
perf_stu_055,Test@123456
perf_stu_056,Test@123456
perf_stu_057,Test@123456
perf_stu_058,Test@123456
perf_stu_059,Test@123456
perf_stu_060,Test@123456
perf_stu_061,Test@123456
perf_stu_062,Test@123456
perf_stu_063,Test@123456
perf_stu_064,Test@123456
perf_stu_065,Test@123456
perf_stu_066,Test@123456
perf_stu_067,Test@123456
perf_stu_068,Test@123456
perf_stu_069,Test@123456
perf_stu_070,Test@123456
perf_stu_071,Test@123456
perf_stu_072,Test@123456
perf_stu_073,Test@123456
perf_stu_074,Test@123456
perf_stu_075,Test@123456
perf_stu_076,Test@123456
perf_stu_077,Test@123456
perf_stu_078,Test@123456
perf_stu_079,Test@123456
perf_stu_080,Test@123456
perf_stu_081,Test@123456
perf_stu_082,Test@123456
perf_stu_083,Test@123456
perf_stu_084,Test@123456
perf_stu_085,Test@123456
perf_stu_086,Test@123456
perf_stu_087,Test@123456
perf_stu_088,Test@123456
perf_stu_089,Test@123456
perf_stu_090,Test@123456
perf_stu_091,Test@123456
perf_stu_092,Test@123456
perf_stu_093,Test@123456
perf_stu_094,Test@123456
perf_stu_095,Test@123456
perf_stu_096,Test@123456
perf_stu_097,Test@123456
perf_stu_098,Test@123456
perf_stu_099,Test@123456
perf_stu_100,Test@123456
